{
  "version": "1.0",
  "defaultProvider": "cdnjs",
  "libraries": [
    {
      "library": "twitter-bootstrap@5.1.3",
      "destination": "wwwroot/libs/bootstrap"
    },
    {
      "library": "jquery@3.6.0",
      "destination": "wwwroot/libs/jquery"
    },
    {
      "library": "jquery-validate@1.19.3",
      "destination": "wwwroot/libs/validation"
    },
    {
      "library": "jquery-validation-unobtrusive@3.2.12",
      "destination": "wwwroot/libs/validation"
    },
    {
      "library": "bootstrap-datepicker@1.9.0",
      "destination": "wwwroot/libs/datepicker"
    }
  ]
}